{
  "thirdparty/_dynamics/nv-breadcrumb.entry.js": 1749332188493,
  "i18n/i18n_de.properties": 1743291370681,
  "i18n/i18n_en.properties": 1743291370680,
  "control/Alert.js": 1743880415768,
  "controller/BaseController.js": 1749328899431,
  "controller/App.controller.js": 1743291370688,
  "model/models.js": 1743291370677,
  "model/formatter.js": 1743291370677,
  "control/Table.js": 1749328899426,
  "control/StencilComponent.js": 1749330913392,
  "control/Row.js": 1749328899421,
  "control/Loader.js": 1749328899417,
  "control/Icon.js": 1749328899412,
  "control/Fieldtext.js": 1749329186289,
  "control/Fieldcheckbox.js": 1749331043005,
  "control/Button.js": 1749328899399,
  "control/Badge.js": 1749328899395,
  "controller/Main.controller.js": 1749331465863,
  "manifest.json": 1749331691139,
  "Component.js": 1749328968883,
  "thirdparty/@nova-design-system/nova-webcomponents/loader.js": 1749332188493,
  "thirdparty/index2.js": 1749332188493,
  "thirdparty/_dynamics/nv-alert.entry.js": 1749332188493,
  "thirdparty/_dynamics/nv-avatar.entry.js": 1749332188493,
  "i18n/i18n.properties": 1743291370684,
  "thirdparty/_dynamics/nv-breadcrumbs.entry.js": 1749332188493,
  "thirdparty/_dynamics/nv-col.entry.js": 1749332188493,
  "thirdparty/_dynamics/nv-datagrid.entry.js": 1749332188493,
  "thirdparty/_dynamics/nv-datagridcolumn.entry.js": 1749332188494,
  "thirdparty/_dynamics/nv-dialog.entry.js": 1749332188494,
  "thirdparty/_dynamics/nv-fielddate.entry.js": 1749332188494,
  "thirdparty/_dynamics/nv-fielddaterange.entry.js": 1749332188494,
  "thirdparty/_dynamics/nv-fielddropdown.entry.js": 1749332188494,
  "thirdparty/_dynamics/nv-fieldmultiselect.entry.js": 1749332188494,
  "thirdparty/_dynamics/nv-fieldnumber.entry.js": 1749332188494,
  "thirdparty/_dynamics/nv-fieldpassword.entry.js": 1749332188494,
  "thirdparty/_dynamics/nv-fieldradio.entry.js": 1749332188494,
  "thirdparty/_dynamics/nv-fieldselect.entry.js": 1749332188494,
  "thirdparty/_dynamics/nv-fieldtext.entry.js": 1749332188494,
  "thirdparty/_dynamics/nv-fieldtextarea.entry.js": 1749332188494,
  "thirdparty/_dynamics/nv-fieldtime.entry.js": 1749332188494,
  "thirdparty/_dynamics/nv-row.entry.js": 1749332188494,
  "thirdparty/_dynamics/nv-stack.entry.js": 1749332188494,
  "thirdparty/_dynamics/nv-table.entry.js": 1749332188494,
  "thirdparty/_dynamics/nv-tablecolumn.entry.js": 1749332188494,
  "thirdparty/_dynamics/nv-toggle.entry.js": 1749332188494,
  "thirdparty/_dynamics/nv-badge_2.entry.js": 1749332188494,
  "thirdparty/_dynamics/nv-dialogfooter_2.entry.js": 1749332188494,
  "thirdparty/_dynamics/nv-fielddropdownitem.entry.js": 1749332188495,
  "thirdparty/_dynamics/nv-menu.entry.js": 1749332188495,
  "thirdparty/_dynamics/nv-menuitem.entry.js": 1749332188495,
  "thirdparty/_dynamics/nv-tooltip.entry.js": 1749332188495,
  "thirdparty/_dynamics/nv-calendar.entry.js": 1749332188495,
  "thirdparty/_dynamics/nv-fieldcheckbox.entry.js": 1749332188495,
  "thirdparty/_dynamics/nv-button.entry.js": 1749332188495,
  "thirdparty/_dynamics/nv-popover.entry.js": 1749332188495,
  "thirdparty/_dynamics/nv-iconbutton_2.entry.js": 1749332188495,
  "thirdparty/_dynamics/nv-icon.entry.js": 1749332188495,
  "thirdparty/clsx-297c1ffe.js": 1749332188495,
  "thirdparty/constants-98e2dcc2.js": 1749332188495,
  "thirdparty/timeline.animation-1b88f052.js": 1749332188495,
  "thirdparty/fade.animation-2a077983.js": 1749332188495,
  "thirdparty/dom.utils-ac71e0ef.js": 1749332188495,
  "thirdparty/events.utils-fe1d907f.js": 1749332188495,
  "thirdparty/v4-a79185f4.js": 1749332188495,
  "thirdparty/inputmask-edcad3c1.js": 1749332188495,
  "thirdparty/_commonjsHelpers-1789f0cf.js": 1749332188495,
  "thirdparty/@nova-design-system/nova-base/dist/css/spark.css": 1749332188509,
  "thirdparty/@nova-design-system/nova-base/dist/css/nova-utils.css": 1749332188505,
  "thirdparty/index2-dbg.js": 1749332188493,
  "thirdparty/index2.js.map": 1749332190030,
  "controller/BaseController-dbg.js": 1749328899431,
  "controller/BaseController.js.map": 1749332189719,
  "controller/App-dbg.controller.js": 1743291370688,
  "controller/App.controller.js.map": 1749332189710,
  "model/models-dbg.js": 1743291370677,
  "model/models.js.map": 1749332189712,
  "model/formatter-dbg.js": 1743291370677,
  "model/formatter.js.map": 1749332189712,
  "control/Table-dbg.js": 1749328899426,
  "control/Table.js.map": 1749332189717,
  "control/StencilComponent-dbg.js": 1749330913392,
  "control/StencilComponent.js.map": 1749332189729,
  "control/Row-dbg.js": 1749328899421,
  "control/Row.js.map": 1749332189721,
  "control/Loader-dbg.js": 1749328899417,
  "control/Loader.js.map": 1749332189723,
  "control/Icon-dbg.js": 1749328899412,
  "control/Icon.js.map": 1749332189723,
  "control/Fieldtext-dbg.js": 1749329186289,
  "control/Fieldtext.js.map": 1749332189727,
  "control/Fieldcheckbox-dbg.js": 1749331043005,
  "control/Fieldcheckbox.js.map": 1749332189727,
  "control/Button-dbg.js": 1749328899399,
  "control/Button.js.map": 1749332189729,
  "control/Badge-dbg.js": 1749328899395,
  "control/Badge.js.map": 1749332189730,
  "controller/Main-dbg.controller.js": 1749331465863,
  "controller/Main.controller.js.map": 1749332189747,
  "Component-dbg.js": 1749328968883,
  "Component.js.map": 1749332189736,
  "thirdparty/@nova-design-system/nova-webcomponents/loader-dbg.js": 1749332188493,
  "thirdparty/@nova-design-system/nova-webcomponents/loader.js.map": 1749332189733,
  "control/Alert-dbg.js": 1743880415768,
  "control/Alert.js.map": 1749332189737,
  "thirdparty/_dynamics/nv-alert.entry-dbg.js": 1749332188493,
  "thirdparty/_dynamics/nv-alert.entry.js.map": 1749332189758,
  "thirdparty/_dynamics/nv-avatar.entry-dbg.js": 1749332188493,
  "thirdparty/_dynamics/nv-avatar.entry.js.map": 1749332189756,
  "thirdparty/_dynamics/nv-breadcrumb.entry-dbg.js": 1749332188493,
  "thirdparty/_dynamics/nv-breadcrumb.entry.js.map": 1749332189760,
  "thirdparty/_dynamics/nv-breadcrumbs.entry-dbg.js": 1749332188493,
  "thirdparty/_dynamics/nv-breadcrumbs.entry.js.map": 1749332189759,
  "thirdparty/_dynamics/nv-col.entry-dbg.js": 1749332188493,
  "thirdparty/_dynamics/nv-col.entry.js.map": 1749332189762,
  "thirdparty/_dynamics/nv-datagrid.entry-dbg.js": 1749332188493,
  "thirdparty/_dynamics/nv-datagrid.entry.js.map": 1749332190199,
  "thirdparty/_dynamics/nv-datagridcolumn.entry-dbg.js": 1749332188494,
  "thirdparty/_dynamics/nv-datagridcolumn.entry.js.map": 1749332189764,
  "thirdparty/_dynamics/nv-dialog.entry-dbg.js": 1749332188494,
  "thirdparty/_dynamics/nv-dialog.entry.js.map": 1749332189835,
  "thirdparty/_dynamics/nv-fielddate.entry-dbg.js": 1749332188494,
  "thirdparty/_dynamics/nv-fielddate.entry.js.map": 1749332189807,
  "thirdparty/_dynamics/nv-fielddaterange.entry-dbg.js": 1749332188494,
  "thirdparty/_dynamics/nv-fielddaterange.entry.js.map": 1749332189845,
  "thirdparty/_dynamics/nv-fielddropdown.entry-dbg.js": 1749332188494,
  "thirdparty/_dynamics/nv-fielddropdown.entry.js.map": 1749332189884,
  "thirdparty/_dynamics/nv-fieldmultiselect.entry-dbg.js": 1749332188494,
  "thirdparty/_dynamics/nv-fieldmultiselect.entry.js.map": 1749332189939,
  "thirdparty/_dynamics/nv-fieldnumber.entry-dbg.js": 1749332188494,
  "thirdparty/_dynamics/nv-fieldnumber.entry.js.map": 1749332189897,
  "thirdparty/_dynamics/nv-fieldpassword.entry-dbg.js": 1749332188494,
  "thirdparty/_dynamics/nv-fieldpassword.entry.js.map": 1749332189912,
  "thirdparty/_dynamics/nv-fieldradio.entry-dbg.js": 1749332188494,
  "thirdparty/_dynamics/nv-fieldradio.entry.js.map": 1749332189922,
  "thirdparty/_dynamics/nv-fieldselect.entry-dbg.js": 1749332188494,
  "thirdparty/_dynamics/nv-fieldselect.entry.js.map": 1749332189951,
  "thirdparty/_dynamics/nv-fieldtext.entry-dbg.js": 1749332188494,
  "thirdparty/_dynamics/nv-fieldtext.entry.js.map": 1749332189955,
  "thirdparty/_dynamics/nv-fieldtextarea.entry-dbg.js": 1749332188494,
  "thirdparty/_dynamics/nv-fieldtextarea.entry.js.map": 1749332189963,
  "thirdparty/_dynamics/nv-fieldtime.entry-dbg.js": 1749332188494,
  "thirdparty/_dynamics/nv-fieldtime.entry.js.map": 1749332190072,
  "thirdparty/_dynamics/nv-row.entry-dbg.js": 1749332188494,
  "thirdparty/_dynamics/nv-row.entry.js.map": 1749332189965,
  "thirdparty/_dynamics/nv-stack.entry-dbg.js": 1749332188494,
  "thirdparty/_dynamics/nv-stack.entry.js.map": 1749332189968,
  "thirdparty/_dynamics/nv-table.entry-dbg.js": 1749332188494,
  "thirdparty/_dynamics/nv-table.entry.js.map": 1749332189988,
  "thirdparty/_dynamics/nv-tablecolumn.entry-dbg.js": 1749332188494,
  "thirdparty/_dynamics/nv-tablecolumn.entry.js.map": 1749332189989,
  "thirdparty/_dynamics/nv-toggle.entry-dbg.js": 1749332188494,
  "thirdparty/_dynamics/nv-toggle.entry.js.map": 1749332189994,
  "thirdparty/_dynamics/nv-badge_2.entry-dbg.js": 1749332188494,
  "thirdparty/_dynamics/nv-badge_2.entry.js.map": 1749332190002,
  "thirdparty/_dynamics/nv-dialogfooter_2.entry-dbg.js": 1749332188494,
  "thirdparty/_dynamics/nv-dialogfooter_2.entry.js.map": 1749332190011,
  "thirdparty/_dynamics/nv-fielddropdownitem.entry-dbg.js": 1749332188495,
  "thirdparty/_dynamics/nv-fielddropdownitem.entry.js.map": 1749332190017,
  "thirdparty/_dynamics/nv-menu.entry-dbg.js": 1749332188495,
  "thirdparty/_dynamics/nv-menu.entry.js.map": 1749332190026,
  "thirdparty/_dynamics/nv-menuitem.entry-dbg.js": 1749332188495,
  "thirdparty/_dynamics/nv-menuitem.entry.js.map": 1749332190030,
  "thirdparty/_dynamics/nv-tooltip.entry-dbg.js": 1749332188495,
  "thirdparty/_dynamics/nv-tooltip.entry.js.map": 1749332190040,
  "thirdparty/_dynamics/nv-calendar.entry-dbg.js": 1749332188495,
  "thirdparty/_dynamics/nv-calendar.entry.js.map": 1749332190180,
  "thirdparty/_dynamics/nv-fieldcheckbox.entry-dbg.js": 1749332188495,
  "thirdparty/_dynamics/nv-fieldcheckbox.entry.js.map": 1749332190064,
  "thirdparty/_dynamics/nv-button.entry-dbg.js": 1749332188495,
  "thirdparty/_dynamics/nv-button.entry.js.map": 1749332190090,
  "thirdparty/_dynamics/nv-popover.entry-dbg.js": 1749332188495,
  "thirdparty/_dynamics/nv-popover.entry.js.map": 1749332190222,
  "thirdparty/_dynamics/nv-iconbutton_2.entry-dbg.js": 1749332188495,
  "thirdparty/_dynamics/nv-iconbutton_2.entry.js.map": 1749332190121,
  "thirdparty/_dynamics/nv-icon.entry-dbg.js": 1749332188495,
  "thirdparty/_dynamics/nv-icon.entry.js.map": 1749332190210,
  "thirdparty/clsx-297c1ffe-dbg.js": 1749332188495,
  "thirdparty/clsx-297c1ffe.js.map": 1749332190196,
  "thirdparty/constants-98e2dcc2-dbg.js": 1749332188495,
  "thirdparty/constants-98e2dcc2.js.map": 1749332190207,
  "thirdparty/timeline.animation-1b88f052-dbg.js": 1749332188495,
  "thirdparty/timeline.animation-1b88f052.js.map": 1749332190205,
  "thirdparty/fade.animation-2a077983-dbg.js": 1749332188495,
  "thirdparty/fade.animation-2a077983.js.map": 1749332190328,
  "thirdparty/dom.utils-ac71e0ef-dbg.js": 1749332188495,
  "thirdparty/dom.utils-ac71e0ef.js.map": 1749332190216,
  "thirdparty/events.utils-fe1d907f-dbg.js": 1749332188495,
  "thirdparty/events.utils-fe1d907f.js.map": 1749332190212,
  "thirdparty/v4-a79185f4-dbg.js": 1749332188495,
  "thirdparty/v4-a79185f4.js.map": 1749332190219,
  "thirdparty/inputmask-edcad3c1-dbg.js": 1749332188495,
  "thirdparty/inputmask-edcad3c1.js.map": 1749332190516,
  "thirdparty/_commonjsHelpers-1789f0cf-dbg.js": 1749332188495,
  "thirdparty/_commonjsHelpers-1789f0cf.js.map": 1749332190222,
  "Component-preload.js": 1749332191122,
  "Component-preload.js.map": 1749332191124,
  "style/style.css": 1749331713433,
  "view/Main.view.xml": 1749331788933,
  "view/App.view.xml": 1743291370659,
  "index.html": 1743884609926,
  "index-cdn.html": 1743291370654
}