{
  "i18n/i18n.properties": 1743291370684,
  "i18n/i18n_de.properties": 1743291370681,
  "i18n/i18n_en.properties": 1743291370680,
  "control/Loader.js": 1743291645166,
  "model/formatter.js": 1743291370677,
  "controller/Main.controller.js": 1743291370686,
  "controller/BaseController.js": 1743291370687,
  "controller/App.controller.js": 1743291370688,
  "model/models.js": 1743291370677,
  "control/Button.js": 1743291650659,
  "control/Badge.js": 1743291655451,
  "control/Alert.js": 1743291660355,
  "manifest.json": 1743292189751,
  "Component.js": 1743291854896,
  "thirdparty/@eliagroup-innersource/nova-components-native.js": 1743803837160,
  "model/formatter-dbg.js": 1743291370677,
  "model/formatter.js.map": 1743803837949,
  "control/Loader-dbg.js": 1743291645166,
  "control/Loader.js.map": 1743803837950,
  "controller/Main-dbg.controller.js": 1743291370686,
  "controller/Main.controller.js.map": 1743803837950,
  "controller/BaseController-dbg.js": 1743291370687,
  "controller/BaseController.js.map": 1743803837958,
  "controller/App-dbg.controller.js": 1743291370688,
  "controller/App.controller.js.map": 1743803837953,
  "model/models-dbg.js": 1743291370677,
  "model/models.js.map": 1743803837954,
  "control/Button-dbg.js": 1743291650659,
  "control/Button.js.map": 1743803837953,
  "control/Badge-dbg.js": 1743291655451,
  "control/Badge.js.map": 1743803837957,
  "control/Alert-dbg.js": 1743291660355,
  "control/Alert.js.map": 1743803837957,
  "Component-dbg.js": 1743291854896,
  "Component.js.map": 1743803837960,
  "thirdparty/@eliagroup-innersource/nova-components-native-dbg.js": 1743803837160,
  "thirdparty/@eliagroup-innersource/nova-components-native.js.map": 1743803838731,
  "Component-preload.js": 1743803839205,
  "Component-preload.js.map": 1743803839208,
  "style/fonts/tt-norms-pro-regular.woff2": 1722246902000,
  "style/fonts/tt-norms-pro-normal.woff2": 1722246902000,
  "style/fonts/tt-norms-pro-medium.woff2": 1722246902000,
  "style/fonts/tt-norms-pro-demi-bold.woff2": 1722246902000,
  "style/fonts/tt-norms-pro-bold.woff2": 1722246902000,
  "style/fonts/nova-icons.woff2": 1722246902000,
  "style/style.css": 1743291744193,
  "style/nova-components.css": 1743291757132,
  "view/Main.view.xml": 1743292150516,
  "view/App.view.xml": 1743291370659,
  "index.html": 1743291370656,
  "index-cdn.html": 1743291370654
}